place;pop1980;pop2000;pop2010;pop2023;pop2024;pop2030;pop2050;country;area;landAreaKm;cca2;cca3;unMember;netChange;growthRate;worldPercentage;density;densityMi;rank
356;696828385;1059633675;1240613620;1428627663;1441719852;1514994080;1670490596;India;3287590;2973190;IN;IND;true;0.4114;0.0092;0.1801;4.849.067;12.559.084;1
156;982372466;1264099069;1348191368;1425671352;1425178782;1415605906;1312636325;China;9706961;9424702.9;CN;CHN;true;-0.0199;-0.0003;0.178;1.512.174;391.653;2
840;223140018;282398554;311182845;339996563;341814420;352162301;375391963;United States;9372610;9147420;US;USA;true;0.0571;0.0053;0.0427;373.673;967.813;3
360;148177096;214072421;244016173;277534122;279798049;292150100;317225213;Indonesia;1904569;1877519;ID;IDN;true;0.0707;0.0082;0.035;1.490.254;3.859.758;4
586;80624057;154369924;194454498;240485658;245209815;274029836;367808468;Pakistan;881912;770880;PK;PAK;true;0.1499;0.0196;0.0306;3.180.908;8.238.551;5
566;72951439;122851984;160952853;223804632;229152217;26.258.042.599.999.900;377459883;Nigeria;923768;910770;NG;NGA;true;0.1709;0.0239;0.0286;2.516.027;6.516.511;6
76;122288383;175873720;196353492;216422446;217637297;223908968;230885725;Brazil;8515767;8358140;BR;BRA;true;0.0377;0.0056;0.0272;26.039;674.409;7
50;83929765;129193327;148391139;172954319;174701211;184424144;203904900;Bangladesh;147570;130170;BD;BGD;true;0.055;0.0101;0.0218;13.421.004;34.760.401;8
643;138257420;146844839;143242599;144444359;143957079;141432741;133133035;Russia;17098242;16376870;RU;RUS;true;-0.0151;-0.0034;0.018;87.903;227.668;9
231;34945469;67031867;89237791;126527060;129719719;149296378;214812309;Ethiopia;1104300;1128571.3;ET;ETH;true;0.1016;0.0252;0.0162;1.149.415;2.976.986;10
484;67705186;97873442;112532401;128455567;129388467;134534107;143772364;Mexico;1964375;1943950;MX;MEX;true;0.0292;0.0073;0.0162;665.596;1.723.893;11
392;117624196;126803861;128105431;123294513;122631432;118514802;103784357;Japan;377930;364500;JP;JPN;true;-0.0211;-0.0054;0.0153;3.364.374;8.713.729;12
608;48419546;77958223;94636700;117337368;119106224;129453321;157891622;Philippines;342353;298170;PH;PHL;true;0.056;0.0151;0.0149;3.994.574;10.345.948;13
818;43748556;71371371;87252413;112716598;114484252;125151725;160339889;Egypt;1002450;995450;EG;EGY;true;0.0569;0.0157;0.0143;1.150.075;2.978.695;14
180;26708686;48616317;66391257;102262808;105625114;127582053;217494003;DR Congo;2344858;2267050;CD;COD;true;0.1081;0.0329;0.0132;465.914;1.206.718;15
704;52968270;79001142;87411012;98858950;99497680;102699905;107012939;Vietnam;331212;313429;VN;VNM;true;0.0197;0.0065;0.0124;3.174.489;8.221.926;16
364;38520664;65544383;75373855;89172767;89809781;92921017;99007204;Iran;1648195;1622500;IR;IRN;true;0.0196;0.0071;0.0112;553.527;1.433.635;17
792;44089069;64113547;73195345;85816199;86260417;88879698;95829258;Turkey;783562;783562;TR;TUR;true;0.0139;0.0052;0.0108;1.100.875;2.851.267;18
276;77786703;81551677;81325090;83294633;83252474;82762675;78932228;Germany;357114;349390;DE;DEU;true;-0.0015;-0.0005;0.0104;2.382.795;6.171.439;19
764;45737753;63066603;68270489;71801279;71885799;72060018;67880083;Thailand;513120;510890;TH;THA;true;0.0023;0.0012;0.009;140.707;3.644.311;20
834;19297659;34463704;45110527;67438106;69419073;81885304;129931520;Tanzania;945087;885800;TZ;TZA;true;0.0633;0.0294;0.0087;783.688;2.029.752;21
826;56326328;58850043;62760039;67736802;67961439;69175770;71684966;United Kingdom;242900;241930;GB;GBR;true;0.0071;0.0033;0.0085;2.809.136;7.275.663;22
250;53713830;58665453;62444567;64756584;64881830;6.554.345.200.000.000;65827072;France;551695;547557;FR;FRA;true;0.0039;0.0019;0.0081;1.184.933;3.068.976;23
710;29463549;46813266;51784921;60414495;61020221;64659278;73529753;South Africa;1221037;1213090;ZA;ZAF;true;0.0211;0.01;0.0076;503.015;1.302.808;24
380;56329482;56966397;59822450;58870762;58697744;57544258;52250484;Italy;301336;295717;IT;ITA;true;-0.0056;-0.0029;0.0073;198.493;5.140.968;25
404;16187124;30851606;41517895;55100586;56203030;63103942;85211739;Kenya;580367;569140;KE;KEN;true;0.0353;0.02;0.007;987.508;2.557.646;26
104;33.465.781.000.000.000;45538332;49390988;54577997;54964694;56987625;59929399;Myanmar;676578;652670;MM;MMR;true;0.012;0.0071;0.0069;842.151;2.181.172;27
170;26176195;39215135;44816108;52085168;52340774;54129764;56987651;Colombia;1141748;1109500;CO;COL;true;0.0082;0.0049;0.0065;471.751;1.221.835;28
410;38170501;46788591;48813042;51784059;51741963;51290214;45770874;South Korea;100210;97600;KR;KOR;true;-0.0015;-0.0008;0.0065;5.301.431;13.730.705;29
800;13284026;24020697;32341728;48582334;49924252;58380262;87622081;Uganda;241550;200520;UG;UGA;true;0.0428;0.0276;0.0062;2.489.739;6.448.425;30
729;16673586;26298773;33739933;48109006;49358228;56997099;84494269;Sudan;1886068;1868000;SD;SDN;true;0.0397;0.026;0.0062;26.423;684.357;31
724;37491666;40741651;46572772;47519628;47473373;47076573;44219565;Spain;505992;499556.6;ES;ESP;true;-0.0016;-0.001;0.0059;95.031;2.461.303;32
368;13653369;24628858;31264875;45504560;46523657;52800825;74515140;Iraq;438317;434128;IQ;IRQ;true;0.0324;0.0224;0.0058;1.071.658;2.775.593;33
12;18739378;30774621;35856344;45606480;46278751;49787283;60001113;Algeria;2381741;2381741;DZ;DZA;true;0.0208;0.0147;0.0058;194.306;503.254;34
32;28024803;37070774;41100123;45773884;46057866;47678560;51621175;Argentina;2780400;2736690;AR;ARG;true;0.0089;0.0062;0.0058;168.298;435.891;35
4;12486631;19542982;28189672;42239854;43372950;50330837;74075234;Afghanistan;652230;652230;AF;AFG;true;0.0361;0.0268;0.0054;664.995;1.722.336;36
616;35521429;38504431;38597353;41026067;40221726;38700518;34932339;Poland;312679;306130;PL;POL;true;-0.0224;-0.0196;0.005;1.313.877;3.402.942;37
124;24511510;30683313;33963412;38781291;39107046;41008596;45890819;Canada;9984670;8965590;CA;CAN;true;0.0103;0.0084;0.0049;43.619;112.973;38
504;19678444;28554415;32464865;37840044;38211459;40226395;45044990;Morocco;446550;446300;MA;MAR;true;0.0116;0.0098;0.0048;856.183;2.217.515;39
804;49973920;48879755;45683020;36744634;37937821;38295429;32.867.718.999.999.900;Ukraine;603500;579400;UA;UKR;true;0.0328;0.0325;0.0047;654.778;1.695.874;40
24;8.330.047.000.000.000;16.394.062.000.000.000;23364185;36684202;37804634;44911664;72328068;Angola;1246700;1246700;AO;AGO;true;0.0358;0.0305;0.0047;303.238;785.385;41
682;10171710;21547390;29411929;36947025;37473929;40461368;48374543;Saudi Arabia;2149690;2149690;SA;SAU;true;0.0165;0.0143;0.0047;174.322;451.495;42
860;15947129;24925554;28614227;35163944;35673804;38313228;45593149;Uzbekistan;447400;440650;UZ;UZB;true;0.0157;0.0145;0.0045;809.572;2.096.792;43
887;9204938;18628700;24743946;34449825;35219853;39923245;55296331;Yemen;527968;527970;YE;YEM;true;0.0248;0.0224;0.0044;667.081;1.727.739;44
508;11413587;17768505;23073723;33897354;34858402;40920707;63044497;Mozambique;801590;786380;MZ;MOZ;true;0.0307;0.0284;0.0044;443.277;1.148.087;45
288;11865246;19665502;25574719;34121985;34777522;38775850;52231785;Ghana;238533;227533;GH;GHA;true;0.021;0.0192;0.0043;1.528.461;3.958.713;46
604;17492406;26654439;29229572;34352719;34683444;36702393;42022554;Peru;1285216;1280000;PE;PER;true;0.0105;0.0096;0.0043;270.964;701.798;47
458;13215707;22945150;28717731;34308525;34671895;36687569;41032433;Malaysia;330803;328550;MY;MYS;true;0.0114;0.0106;0.0043;105.53;2.733.228;48
524;15600442;24559500;27161567;30896590;31240315;33.133.394.999.999.900;37401365;Nepal;147181;143350;NP;NPL;true;0.0108;0.0111;0.0039;2.179.303;5.644.396;49
450;8948162;16216431;21731053;30325732;31056610;35604443;51592965;Madagascar;587041;581800;MG;MDG;true;0.0234;0.0241;0.0039;533.802;1.382.548;50
384;8.303.809.999.999.990;16799670;21120042;28873034;29603302;34211272;51358243;Ivory Coast;322463;318000;CI;CIV;true;0.0233;0.0253;0.0037;930.921;2.411.087;51
862;15210443;24427729;28715022;28838499;29395334;32027461;35937404;Venezuela;916445;882050;VE;VEN;true;0.0174;0.0193;0.0037;333.262;863.147;52
120;8519891;15091594;19878036;28647293;29394433;34051103;51279560;Cameroon;475442;472710;CM;CMR;true;0.0239;0.0261;0.0037;621.828;1.610.535;53
562;6173177;11622665;16.647.543.000.000.000;27202843;28238972;35217942;67043296;Niger;1267000;1266700;NE;NER;true;0.0336;0.0381;0.0035;222.933;577.397;54
36;14706322;19017963;22019168;26439111;26699482;28202414;32192919;Australia;7692024;7692020;AU;AUS;true;0.0082;0.0098;0.0033;34.711;89.901;55
408;17973650;23367059;24686435;26160821;26244582;26569401;25807197;North Korea;120538;120410;KP;PRK;true;0.0025;0.0032;0.0033;2.179.602;5.645.168;56
760;8898954;16307654;22337563;23227014;24348053;29824735;38306374;Syria;185180;183630;SY;SYR;true;0.0352;0.0483;0.003;132.593;3.434.159;57
466;7372581;11239101;15529181;23293698;24015789;28712294;47439802;Mali;1240192;1220190;ML;MLI;true;0.0233;0.031;0.003;19.682;509.764;58
158;18100281;22194731;23083083;23923276;23950214;24027999;22445526;Taiwan;36193;36197;TW;TWN;false;0.0008;0.0011;0.003;661.663;17.137.071;59
854;6932967;11882888;16116845;23251485;23840247;27523563;40541548;Burkina Faso;272967;273600;BF;BFA;true;0.0188;0.0253;0.003;871.354;2.256.807;60
144;14943645;18776371;20668557;21893579;21949268;22186970;21814985;Sri Lanka;65610;61860;LK;LKA;true;0.0017;0.0025;0.0027;3.548.217;9.189.881;61
454;6267369;11229387;14718422;20931751;21475962;24944243;37159300;Malawi;118484;94280;MW;MWI;true;0.0175;0.026;0.0027;2.277.892;5.899.739;62
894;5720438;9891136;13792086;20569737;21134695;24676417;37460435;Zambia;752612;743390;ZM;ZMB;true;0.0181;0.0275;0.0026;284.302;736.341;63
398;14172710;15236253;16627837;19606633;19828165;21128221;25609978;Kazakhstan;2724900;2699700;KZ;KAZ;true;0.0073;0.0113;0.0025;73.446;190.225;64
152;11469828;15351799;17004162;19629590;19658839;19933769;20675378;Chile;756102;743532;CL;CHL;true;0.0009;0.0015;0.0025;264.398;684.791;65
642;22125224;21919876;20335211;19892812;19618996;19023383;17457213;Romania;238391;230080;RO;ROU;true;-0.007;-0.0138;0.0025;852.703;2.208.501;66
148;4408230;8.259.137.000.000.000;11894727;18278568;18847148;22460393;36452035;Chad;1284000;1259200;TD;TCD;true;0.0182;0.0311;0.0024;149.676;38.766;67
706;5892224;8721465;12026649;18143378;18706922;22316857;36462830;Somalia;637657;627340;SO;SOM;true;0.0181;0.0311;0.0023;298.194;772.323;68
218;8135845;12626507;14989585;18190484;18377367;19486952;22269779;Ecuador;276841;248360;EC;ECU;true;0.0059;0.0103;0.0023;739.949;1.916.467;69
320;6987767;11735894;14543121;18092026;18358430;20003638;24600727;Guatemala;108889;107160;GT;GTM;true;0.0088;0.0147;0.0023;1.713.179;4.437.135;70
686;5703869;9704287;12530121;17763163;18221567;21125872;32562869;Senegal;196722;192530;SN;SEN;true;0.0147;0.0258;0.0023;946.427;2.451.247;71
528;14130387;15899135;16.617.116.999.999.900;17618299;17671125;17943803;17897025;Netherlands;41850;33670;NL;NLD;true;0.0016;0.003;0.0022;5.248.329;13.593.173;72
116;6198959;12118841;14363532;16944826;17121847;18084248;20258435;Cambodia;181035;176520;KH;KHM;true;0.0055;0.0104;0.0021;969.966;2.512.213;73
716;7049926;11834676;12839771;16665409;17020321;19179393;26438589;Zimbabwe;390757;386850;ZW;ZWE;true;0.0113;0.0213;0.0021;439.972;1.139.528;74
324;4972609;8.336.967.000.000.000;10270728;14190612;14528770;16.622.387.999.999.900;23711700;Guinea;245857;245720;GN;GIN;true;0.0108;0.0238;0.0018;591.273;1.531.398;75
646;5247532;8109989;10309031;14094683;14414910;16375704;23030046;Rwanda;26338;24670;RW;RWA;true;0.0102;0.0227;0.0018;5.843.093;1.513.361;76
204;3833939;6998023;9445710;13712828;14080072;16.393.827.000.000.000;25264035;Benin;112622;112760;BJ;BEN;true;0.0118;0.0268;0.0018;1.248.676;3.234.071;77
108;4312834;6307659;9126605;13238559;13591657;15800530;24208671;Burundi;27834;25680;BI;BDI;true;0.0113;0.0267;0.0017;5.292.701;13.708.096;78
68;5736088;8592656;10223270;12388571;12567336;13625507;16609854;Bolivia;1098581;1083300;BO;BOL;true;0.0057;0.0144;0.0016;11.601;300.465;79
788;6578156;9893316;10895063;12458223;12564689;13100768;14315779;Tunisia;163610;155360;TN;TUN;true;0.0033;0.0085;0.0016;808.747;2.094.654;80
332;5646676;8360225;9842880;11724763;11867030;12700006;15087520;Haiti;27750;27560;HT;HTI;true;0.0045;0.0121;0.0015;4.305.889;11.152.252;81
56;9828986;10264343;10877947;11686140;11715774;11873460;12090657;Belgium;30528;30280;BE;BEL;true;0.0009;0.0025;0.0015;3.869.146;10.021.088;82
214;5755800;8540791;9775755;11332972;11434005;11982523;13180541;Dominican Republic;48671;48310;DO;DOM;true;0.0032;0.0089;0.0014;2.366.799;6.130.009;83
400;2216903;5056174;6931258;11337052;11384922;11933395;15005941;Jordan;89342;88794;JO;JOR;true;0.0017;0.0042;0.0014;1.282.172;3.320.827;84
728;41.920.119.999.999.900;6114440;9714419;11088796;11277092;12570402;17460846;South Sudan;619745;631930;SS;SSD;true;0.0061;0.017;0.0014;178.455;462.198;85
192;9809107;11105791;11290417;11194449;11174587;11016041;10028085;Cuba;109884;103800;CU;CUB;true;-0.0007;-0.0018;0.0014;107.655;2.788.264;86
340;3777990;6656725;8450933;10593798;10759406;11724522;14258514;Honduras;112492;111890;HN;HND;true;0.0052;0.0156;0.0013;961.606;2.490.559;87
752;8.311.763.000.000.000;8871043;9381729;10612086;10673669;11007228;11902033;Sweden;450295;407283.5;SE;SWE;true;0.0019;0.0058;0.0013;26.207;678.761;88
598;3104788;5508297;7583269;10329931;10515788;11615322;14910369;Papua New Guinea;462840;452860;PG;PNG;true;0.0059;0.018;0.0013;232.208;60.142;89
203;10270060;10234710;10464749;10495295;10503734;10515199;10577126;Czech Republic;78865;77198.5;CZ;CZE;true;0.0002;0.0008;0.0013;1.360.614;352.399;90
31;6383060;8190337;9237202;10412651;10462904;10711138;10867296;Azerbaijan;86600;82646;AZ;AZE;true;0.0015;0.0048;0.0013;126.599;3.278.915;91
762;4045965;6272998;7621779;10143543;10331513;11421430;15200989;Tajikistan;143100;138790;TJ;TJK;true;0.0059;0.0185;0.0013;744.399;1.927.993;92
300;9307148;11038109;11033783;10341277;10302720;10059703;9144951;Greece;131990;128900;GR;GRC;true;-0.0012;-0.0037;0.0013;79.928;2.070.135;93
620;9785252;10300626;10588401;10247605;10223349;10062183;9261305;Portugal;92090;91605.6;PT;PRT;true;-0.0008;-0.0024;0.0013;1.116.018;2.890.486;94
348;10698679;10202055;9986825;10156239;9994993;9642912;8817396;Hungary;93028;91260;HU;HUN;true;-0.0045;-0.0159;0.0012;1.095.222;2.836.624;95
784;1014048;3275333;8481771;9516871;9591853;10004319;11449471;United Arab Emirates;83600;71020;AE;ARE;true;0.0024;0.0079;0.0012;1.350.585;3.498.015;96
112;9817257;10256483;9731427;9498238;9455037;9206170;8409632;Belarus;207600;202980;BY;BLR;true;-0.0014;-0.0045;0.0012;465.811;1.206.451;97
376;3744608;6116958;7328445;9174520;9311652;10134951;12991790;Israel;20770;21640;IL;ISR;true;0.0043;0.0149;0.0012;4.302.982;11.144.722;98
768;2838110;5008035;6571855;9053799;9260864;10558178;15478883;Togo;56785;54390;TG;TGO;true;0.0066;0.0229;0.0012;1.702.678;4.409.935;99
694;3367477;4584067;6436698;8791092;8977972;10105188;13595023;Sierra Leone;71740;72180;SL;SLE;true;0.0059;0.0213;0.0011;1.243.831;3.221.522;100
40;7547561;8010428;8362829;8958960;8977139;9054576;8924190;Austria;83871;82520;AT;AUT;true;0.0006;0.002;0.0011;1.087.874;2.817.595;101
756;6319113;7182059;7822435;8796669;8851431;9143698;9753753;Switzerland;41284;39516;CH;CHE;true;0.0017;0.0062;0.0011;2.239.961;580.15;102
418;3297519;5430853;6323418;7633779;7736681;8321287;9775552;Laos;236800;230800;LA;LAO;true;0.0032;0.0135;0.001;335.211;868.198;103
344;4978544;6731195;7132438;7491609;7496681;7485887;6975391;Hong Kong;1104;1050;HK;HKG;false;0.0001;0.0007;0.0009;71.396.962;184.918.131;104
558;3303309;5123222;5855734;7046310;7142529;7688686;9094641;Nicaragua;130373;120340;NI;NIC;true;0.003;0.0137;0.0009;593.529;153.724;105
688;7777010;7935022;7653748;7149077;7097028;6832604;5777806;Serbia;88361;87460;RS;SRB;true;-0.0013;-0.0073;0.0009;81.146;2.101.681;106
434;2962720;5154790;6491988;6888388;6964197;7394813;8539976;Libya;1759540;1759540;LY;LBY;true;0.0024;0.011;0.0009;3.958;102.511;107
600;3078912;5123819;5768613;6861524;6947270;7425448;8591486;Paraguay;406752;397300;PY;PRY;true;0.0027;0.0125;0.0009;174.862;452.893;108
417;3691209;4935182;5483774;6735347;6839606;7435378;9426858;Kyrgyzstan;199951;191800;KG;KGZ;true;0.0033;0.0155;0.0009;356.601;923.596;109
100;8980606;8097691;7592273;6687717;6618615;6290166;5187392;Bulgaria;110879;108560;BG;BGR;true;-0.0017;-0.0103;0.0008;609.673;1.579.054;110
795;2862903;4569132;5267970;6516100;6598071;7034758;8.263.833.000.000.000;Turkmenistan;488100;469930;TM;TKM;true;0.0025;0.0126;0.0008;140.405;36.365;111
222;4508992;5958482;6114034;6364943;6396289;6554224;6636854;El Salvador;21041;20720;SV;SLV;true;0.001;0.0049;0.0008;3.087.012;7.995.361;112
178;1829256;3134030;4437884;6106869;6244547;7114987;10378912;Republic of the Congo;342000;341500;CG;COG;true;0.0044;0.0225;0.0008;182.856;473.598;113
702;2400729;4053602;5163590;6014723;6052709;6251988;6337235;Singapore;710;718;SG;SGP;true;0.0012;0.0063;0.0008;84.299.568;218.335.882;114
208;5125392;5340655;5550849;5910913;5939695;6104474;6445109;Denmark;43094;40000;DK;DNK;true;0.0009;0.0049;0.0007;1.484.924;3.845.953;115
140;2415276;3759170;4660067;5742315;5915627;7104274;11533423;Central African Republic;622984;622980;CF;CAF;true;0.0056;0.0302;0.0007;94.957;245.938;116
703;4973883;5376690;5396424;5795199;5702832;5555114;5186967;Slovakia;49037;49035;SK;SVK;true;-0.0025;-0.0159;0.0007;1.163.013;3.012.202;117
246;4779418;5176209;5363271;5545475;5549886;5565475;5460917;Finland;338424;303940;FI;FIN;true;0.0001;0.0008;0.0007;182.598;472.929;118
430;1932169;2895224;4019956;5418377;5536949;6282074;8890700;Liberia;111369;96320;LR;LBR;true;0.0038;0.0219;0.0007;574.849;148.886;119
578;4085776;4491202;4889741;5474360;5514477;5748397;6367559;Norway;323802;364285;NO;NOR;true;0.0013;0.0073;0.0007;151.378;392.069;120
275;1453620;3139954;3992278;5371230;5494963;6256949;8861747;Palestine;6220;6020;PS;PSE;true;0.004;0.023;0.0007;9.127.846;2.364.112;121
554;3147168;3855266;4346338;5228100;5269939;5495670;5949002;New Zealand;270467;263310;NZ;NZL;true;0.0013;0.008;0.0007;200.142;518.368;122
188;2414303;3979193;4622252;5212173;5246714;5432243;5702525;Costa Rica;51100;51060;CR;CRI;true;0.0011;0.0066;0.0007;1.027.559;2.661.377;123
422;2963702;4320642;4995800;5353930;5219044;4714240;4937579;Lebanon;10452;10230;LB;LBN;true;-0.004;-0.0252;0.0007;5.101.705;13.213.415;124
372;3391387;3768950;4524585;5056935;5089478;5266881;5724686;Ireland;70273;68890;IE;IRL;true;0.001;0.0064;0.0006;738.783;1.913.449;125
478;1506694;2695003;3419461;4862989;4993922;5830563;8914673;Mauritania;1030700;1030700;MR;MRT;true;0.0042;0.0269;0.0006;48.452;12.549;126
512;1017462;2344253;2881914;4644384;4713553;5093376;6328978;Oman;309500;309500;OM;OMN;true;0.0022;0.0149;0.0006;152.296;394.446;127
591;1956987;3001731;3623617;4468087;4527961;4864126;5736121;Panama;75417;74180;PA;PAN;true;0.0019;0.0134;0.0006;610.402;1.580.941;128
414;1493870;1934901;2943356;4310108;4349380;4564570;5155414;Kuwait;17818;17820;KW;KWT;true;0.0012;0.0091;0.0005;244.073;6.321.489;129
191;4680144;4548434;4368682;4008617;3986627;3850140;3333425;Croatia;56594;55960;HR;HRV;true;-0.0007;-0.0055;0.0005;712.407;1.845.133;130
232;1657982;2392880;3147727;3748901;3817651;4283355;5964021;Eritrea;117600;121040.8;ER;ERI;true;0.0022;0.0183;0.0005;315.402;816.891;131
268;5145843;4265172;3836831;3728282;3717425;3657494;3384660;Georgia;69700;69490;GE;GEO;true;-0.0002;-0.0029;0.0005;534.958;1.385.542;132
496;1697780;2450979;2702520;3447157;3493629;3736327;4518856;Mongolia;1564110;1557506.8;MN;MNG;true;0.0014;0.0135;0.0004;22.431;58.096;133
858;2953750;3292224;3352651;3423108;3423316;3423372;3337143;Uruguay;181034;175020;UY;URY;true;0;0.0001;0.0004;195.596;506.593;134
498;4103240;4251573;3678186;3435931;3329865;3174727;2997532;Moldova;33846;32884.6;MD;MDA;true;-0.0028;-0.0309;0.0004;1.012.591;2.622.611;135
630;3214568;3827108;3717922;3260314;3268802;3259722;2727624;Puerto Rico;8870;8870;PR;PRI;false;0.0002;0.0026;0.0004;3.685.233;9.544.754;136
70;4199820;41.793.500.000.000.000;3811088;3210847;3194378;3111789;2739014;Bosnia and Herzegovina;51209;51200;BA;BIH;true;-0.0004;-0.0051;0.0004;623.902;1.615.906;137
270;718586;1437539;1937275;2773168;2841803;3263651;4673743;Gambia;10689;10120;GM;GMB;true;0.0022;0.0247;0.0004;2.808.106;7.272.994;138
8;2941651;3182021;2913399;2832439;2826020;2789599;2456472;Albania;28748;27400;AL;ALB;true;-0.0001;-0.0023;0.0004;1.031.394;2.671.311;139
388;2135546;2612205;2733896;2825544;2824738;2804356;2493823;Jamaica;10991;10830;JM;JAM;true;0;-0.0003;0.0004;2.608.253;6.755.375;140
51;3135123;3168523;2946293;2777970;2777979;2759528;2573465;Armenia;29743;28470;AM;ARM;true;0;0;0.0003;975.757;252.721;141
634;277450;645937;1713504;2716391;2737061;2855291;3358454;Qatar;11586;11490;QA;QAT;true;0.0006;0.0076;0.0003;2.382.124;6.169.702;142
72;938578;1726985;20.916.640.000.000.000;2675352;2719694;2972271;3679340;Botswana;582000;566730;BW;BWA;true;0.0014;0.0166;0.0003;47.989;124.292;143
440;3521206;3599637;3139019;2718352;2692798;2558928;2187550;Lithuania;65300;62620;LT;LTU;true;-0.0008;-0.0094;0.0003;430.022;1.113.757;144
516;975994;1819141;2099271;2604172;2645805;2910056;3779918;Namibia;825615;823290;NA;NAM;true;0.0014;0.016;0.0003;32.137;83.235;145
266;749078;1272935;1711105;2436566;2484557;2774523;3757053;Gabon;267668;257670;GA;GAB;true;0.0015;0.0197;0.0003;96.424;249.738;146
426;1407672;1998630;2022747;2330318;2356083;2501946;2898369;Lesotho;30355;30360;LS;LSO;true;0.0008;0.0111;0.0003;776.048;2.009.965;147
624;831462;1230849;1567220;2150842;2197149;2484863;3445289;Guinea-Bissau;36125;28120;GW;GNB;true;0.0015;0.0215;0.0003;781.347;202.369;148
705;1901570;1984339;20.572.869.999.999.900;2119675;2118965;2105945;2003258;Slovenia;20273;20136.4;SI;SVN;true;0;-0.0003;0.0003;1.052.306;2.725.472;149
807;1907023;2037936;2093828;2085679;20.827.060.000.000.000;20.722.559.999.999.900;1909309;North Macedonia;25713;25220;MK;MKD;true;;-0.0014;0.0003;825.815;2.138.861;150
428;2572037;2392530;2101530;1830211;1810240;1701338;1433728;Latvia;64559;62230;LV;LVA;true;-0.0006;-0.0109;0.0002;290.895;753.418;151
226;282509;684977;1094524;1714671;1754993;1999678;2790533;Equatorial Guinea;28051;28050;GQ;GNQ;true;0.0013;0.0235;0.0002;625.666;1.620.475;152
780;1127852;1332203;1410296;1534937;1538200;1547690;1485139;Trinidad and Tobago;5130;5130;TT;TTO;true;0.0001;0.0021;0.0002;2.998.441;7.765.961;153
48;362595;711442;1213645;1485509;1498712;1574679;1809237;Bahrain;765;785;BH;BHR;true;0.0004;0.0089;0.0002;19.091.873;4.944.795;154
626;642224;878360;1088486;1360596;1379883;1495081;1806869;Timor-Leste;14874;14870;TL;TLS;true;0.0006;0.0142;0.0002;927.964;2.403.428;155
233;1476983;1396877;1331535;1322765;1319041;1289441;1171695;Estonia;45227;42750;EE;EST;true;-0.0001;-0.0028;0.0002;308.548;799.138;156
480;954865;1215930;1283330;1300557;1301978;1305425;1226235;Mauritius;2040;2030;MU;MUS;true;0;0.0011;0.0002;6.413.685;16.611.443;157
196;679327;948237;1129686;1260138;1268467;1311784;1391785;Cyprus;9251;9240;CY;CYP;true;0.0003;0.0066;0.0002;137.28;3.555.551;158
748;598564;10.304.960.000.000.000;1099920;1210822;1222075;1305985;1655121;Eswatini;17364;17200;SZ;SWZ;true;0.0004;0.0093;0.0002;710.509;1.840.218;159
262;324121;742033;919199;1136455;1152329;1247129;1502575;Djibouti;23200;23180;DJ;DJI;true;0.0005;0.014;0.0001;497.122;1.287.546;160
638;551674;785424;890130;981796;989350;10.318.219.999.999.900;1127252;Reunion;2511;2512;RE;REU;false;0.0002;0.0077;0.0001;3.938.495;10.200.703;161
242;644582;832509;905169;936375;943072;986172;1094174;Fiji;18272;18270;FJ;FJI;true;0.0002;0.0072;0.0001;516.186;1.336.922;162
174;328328;536758;656024;852075;867605;959412;1246207;Comoros;1862;1861;KM;COM;true;0.0005;0.0182;0.0001;4.662.037;12.074.675;163
328;778176;759051;747932;813834;819594;848033;878746;Guyana;214969;196850;GY;GUY;true;0.0002;0.0071;0.0001;41.635;107.836;164
64;415257;587207;705516;787424;792382;821498;874294;Bhutan;38394;38140;BT;BTN;true;0.0002;0.0063;0.0001;207.756;538.088;165
90;233668;429978;540394;740424;756673;856264;1225407;Solomon Islands;28896;27990;SB;SLB;true;0.0005;0.0219;0.0001;270.337;700.173;166
446;245332;431896;557297;704149;713082;763371;881666;Macau;32.9;32.9;MO;MAC;false;0.0003;0.0127;0.0001;216.742.249;561.362.426;167
442;363741;435628;507070;654768;661594;697086;781910;Luxembourg;2586;2574.5;LU;LUX;true;0.0002;0.0104;0.0001;2.569.796;6.655.772;168
740;375112;478998;546080;623236;628785;659508;725519;Suriname;163820;156000;SR;SUR;true;0.0002;0.0089;0.0001;40.307;104.394;169
499;589324;633324;631044;626485;626102;621696;586385;Montenegro;13812;13450;ME;MNE;true;0;-0.0006;0.0001;465.503;1.205.654;170
132;317234;458251;521212;598682;604461;638840;727457;Cape Verde;4033;4033;CV;CPV;true;0.0002;0.0097;0.0001;1.498.788;388.186;171
732;116775;270375;413296;587259;598385;662726;851067;Western Sahara;266000;266000;EH;ESH;false;0.0004;0.0189;0.0001;22.496;58.264;172
470;333587;399212;418755;535064;536740;543425;52.273.699.999.999.900;Malta;316;320;MT;MLT;true;0.0001;0.0031;0.0001;16.773.125;43.442.394;173
462;164887;282507;361575;52.102.099.999.999.900;51.788.699.999.999.900;512683;569909;Maldives;300;300;MV;MDV;true;-0.0001;-0.006;0.0001;1726.29;44.710.911;174
96;187921;333926;396053;452524;455858;473312;498373;Brunei;5765;5270;BN;BRN;true;0.0001;0.0074;0.0001;865.006;2.240.365;175
84;145133;240406;322106;410825;416656;450428;538838;Belize;22966;22810;BZ;BLZ;true;0.0002;0.0142;0.0001;182.664;473.099;176
44;223752;325014;373272;412623;415223;429846;450625;Bahamas;13943;10010;BS;BHS;true;0.0001;0.0063;0.0001;414.808;1.074.353;177
312;334234;424067;403072;395839;396346;399728;388861;Guadeloupe;1628;1628;GP;GLP;false;0;0.0013;0;2.434.558;6.305.505;178
352;228263;281462;318333;375318;377689;390338;408783;Iceland;103000;100830;IS;ISL;true;0.0001;0.0063;0;37.458;97.016;179
474;333786;432543;392181;366981;366416;362472;330121;Martinique;1128;1128;MQ;MTQ;false;0;-0.0015;0;3.248.369;8.413.275;180
175;52233;159215;211786;335995;345996;407579;664141;Mayotte;374;374;YT;MYT;false;0.0003;0.0298;0;925.123;23.960.686;181
548;118156;192074;245453;334506;342325;391135;578567;Vanuatu;12189;12190;VU;VUT;true;0.0002;0.0234;0;280.824;727.335;182
254;66825;164351;228453;312155;319796;366669;532459;French Guiana;83534;83534;GF;GUF;false;0.0002;0.0245;0;38.283;99.154;183
258;163591;250927;283788;308872;311383;324860;346933;French Polynesia;4167;3471;PF;PYF;false;0.0001;0.0081;0;897.099;2.323.486;184
540;148599;221537;261426;292991;295966;312529;353191;New Caledonia;18575;18280;NC;NCL;false;0.0001;0.0102;0;161.907;419.339;185
52;253575;264657;274711;281995;282309;283082;267788;Barbados;430;430;BB;BRB;true;0;0.0011;0;6.565.326;17.004.193;186
678;97210;143714;182138;231856;236381;265036;366663;Sao Tome and Principe;964;960;ST;STP;true;0.0001;0.0195;0;2.462.302;6.377.362;187
882;164905;184008;194672;225681;228966;248627;320016;Samoa;2842;2780;WS;WSM;true;0.0001;0.0146;0;823.619;2.133.172;188
531;156851;141424;159380;192077;192965;197829;204084;Curacao;444;444;CW;CUW;false;0;0.0046;0;4.346.059;11.256.292;189
662;121633;159500;170935;180251;180805;183274;177856;Saint Lucia;616;610;LC;LCA;true;0;0.0031;0;2.964.016;7.676.802;190
316;110286;160188;164905;172952;174114;180746;195673;Guam;549;540;GU;GUM;false;0;0.0067;0;3.224.333;8.351.023;191
296;60813;88826;107995;133515;135763;148720;188570;Kiribati;811;810;KI;KIR;true;0.0001;0.0168;0;1.676.086;4.341.064;192
308;94838;107432;114039;126183;126887;13.036.699.999.999.900;136253;Grenada;344;340;GD;GRD;true;0;0.0056;0;3.731.971;9.665.804;193
583;76299;111709;107588;115224;116300;122704;135457;Micronesia;702;700;FM;FSM;true;0;0.0093;0;1.661.429;430.31;194
832;75124;86192;96151;111802;112843;119047;135441;Jersey;116;120;JE;JEY;false;0;0.0093;0;9.403.583;24.355.281;195
776;96708;102603;107383;107773;108683;114124;131225;Tonga;747;720;TO;TON;true;0;0.0084;0;1.509.486;3.909.569;196
690;6.529.000.000.000.000;80060;92409;107660;108263;111317;116644;Seychelles;452;460;SC;SYC;true;0;0.0056;0;2.353.543;6.095.678;197
533;62267;89101;100341;106277;106177;104924;94185;Aruba;180;180;AW;ABW;false;0;-0.0009;0;5.898.722;15.277.691;198
670;107480;113813;109308;103698;103683;104322;101691;Saint Vincent and the Grenadines;389;390;VC;VCT;true;0;-0.0001;0;2.658.538;6.885.615;199
850;96640;108185;106142;98750;98055;93419;77519;United States Virgin Islands;347;347;VI;VIR;false;0;-0.007;0;2.825.793;7.318.803;200
28;6.488.899.999.999.990;75055;85695;94298;94816;97510;99030;Antigua and Barbuda;442;440;AG;ATG;true;0;0.0055;0;2.154.909;5.581.215;201
833;6.402.200.000.000.000;75562;83828;84710;84904;85798;86680;Isle of Man;572;570;IM;IMN;false;0;0.0023;0;1.489.544;3.857.919;202
20;35611;66097;71519;80088;80341;81528;80504;Andorra;468;470;AD;AND;true;0;0.0032;0;1.709.383;4.427.302;203
212;72978;68346;68755;73040;73368;74988;74167;Dominica;751;750;DM;DMA;true;0;0.0045;0;97.824;2.533.642;204
136;17100;39658;54074;69310;69885;72865;77633;Cayman Islands;264;240;KY;CYM;false;0;0.0083;0;2.911.875;7.541.756;205
60;53565;61371;63447;64069;63935;62806;56041;Bermuda;54;54;BM;BMU;false;0;-0.0021;0;11.839.815;3.066.512;206
831;52860;59114;60782;63544;63788;6.514.100.000.000.000;66496;Guernsey;78;63;GG;GGY;false;0;0.0038;0;10.125.079;26.223.956;207
304;50106;56184;56351;56643;56789;57152;53997;Greenland;2166086;410450;GL;GRL;false;0;0.0026;0;0.1384;0.3583;208
234;43054;45660;48410;53270;53444;54583;59444;Faroe Islands;1393;1366;FO;FRO;false;0;0.0033;0;391.245;1.013.323;209
580;17613;80338;54087;49796;50025;51178;50050;Northern Mariana Islands;464;460;MP;MNP;false;0;0.0046;0;108.75;2.816.625;210
659;43097;45461;47403;47755;47847;48247;46882;Saint Kitts and Nevis;261;260;KN;KNA;true;0;0.0019;0;1.840.269;4.766.297;211
796;7598;18744;29726;46062;46431;48538;52865;Turks and Caicos Islands;948;948;TC;TCA;false;0;0.008;0;489.778;1.268.526;212
534;12243;30489;33034;44222;44309;44946;38947;Sint Maarten;34;34;SX;SXM;false;0;0.002;0;13.032.059;33.753.032;213
16;32886;58230;54849;43914;43544;41142;33557;American Samoa;199;200;AS;ASM;false;0;-0.0084;0;217.72;5.638.948;214
584;31988;54224;53416;41996;42415;44733;51211;Marshall Islands;181;180;MH;MHL;true;0;0.01;0;2.356.389;6.103.047;215
438;25003;33026;35926;39584;39822;41030;42287;Liechtenstein;160;160;LI;LIE;true;0;0.006;0;2.488.875;6.446.186;216
492;27076;32.465.000.000.000.000;33178;36297;36157;35862;37664;Monaco;02. Feb;2;MC;MCO;true;0;-0.0039;0;18078.5;46.823.315;217
674;21346;26823;31608;33642;33614;33458;32.043.999.999.999.900;San Marino;61;60;SM;SMR;true;;-0.0008;0;5.602.333;14.510.043;218
292;28734;27741;31262;32.688.000.000.000.000;32.718.000.000.000.000;32771;31356;Gibraltar;06. Aug;06. Aug;GI;GIB;false;;0.0009;0;48.114.706;124.617.088;219
663;7776;29610;36458;32077;32.337.000.000.000.000;33508;35453;Saint Martin;53;50;MF;MAF;false;0;0.0081;0;646.74;16.750.566;220
92;11109;20104;27556;31538;31763;32995;34768;British Virgin Islands;151;150;VG;VGB;false;0;0.0071;0;2.117.533;5.484.411;221
585;12252;19726;18540;18058;18051;17919;16689;Palau;459;460;PW;PLW;true;;-0.0004;0;392.413;101.635;222
184;17651;15897;17212;17044;17072;17253;17674;Cook Islands;240;240;CK;COK;false;0;0.0016;0;711.333;1.842.353;223
660;6560;11047;13172;15899;15936;16055;15294;Anguilla;91;91;AI;AIA;false;0;0.0023;0;1.751.209;4.535.631;224
520;7635;10377;10241;12780;12884;13358;14695;Nauru;21;20;NR;NRU;true;0;0.0081;0;644.2;1.668.478;225
798;7731;9638;10550;11396;11478;11917;13211;Tuvalu;26;30;TV;TUV;true;0;0.0072;0;382.6;990.934;226
876;11315;14723;13142;11502;11439;11229;11349;Wallis and Futuna;274;274;WF;WLF;false;0;-0.0055;0;417.482;1.081.278;227
652;2983;7082;8988;10994;11019;11113;10210;Saint Barthelemy;21;25;BL;BLM;false;;0.0023;0;440.76;11.415.684;228
666;6106;6274;6052;5840;5815;5651;5165;Saint Pierre and Miquelon;242;242;PM;SPM;false;;-0.0043;;240.289;622.349;229
500;11452;5138;4938;4386;4372;4301;3781;Montserrat;102;102;MS;MSR;false;;-0.0032;;428.627;1.110.145;230
238;2240;3080;3187;3791;3803;3869;3779;Falkland Islands;12173;12173;FK;FLK;false;;0.0032;;0.3124;0.8091;231
570;3637;2074;1812;1935;1935;1948;2096;Niue;261;261;NU;NIU;false;0;0;;74.138;192.017;232
772;1647;1666;1367;1893;1915;20.459.999.999.999.900;2430;Tokelau;12;10;TK;TKL;false;;0.0116;;191.5;495.985;233
336;733;651;596;518;526;561;731;Vatican City;0.44;0.44;VA;VAT;true;;0.0154;;11.954.545;30.962.273;234
